nodes, operations
0, 0
1, 1
2, 2
3, 3
4, 4
5, 5
6, 6
7, 7
8, 8
9, 9
10, 10
11, 13
12, 14
13, 15
14, 16
15, 17
16, 18
17, 20
18, 21
19, 22
20, 22
21, 23
22, 25
23, 26
24, 27
25, 29
26, 29
27, 30
28, 31
29, 33
30, 34
31, 35
32, 36
33, 38
34, 39
35, 39
36, 41
37, 41
38, 42
39, 44
40, 45
41, 46
42, 48
43, 48
44, 50
45, 50
46, 52
47, 53
48, 54
49, 56
50, 57
51, 58
52, 58
53, 60
54, 61
55, 61
56, 63
57, 65
58, 65
59, 67
60, 68
61, 68
62, 70
63, 71
64, 72
65, 73
66, 75
67, 75
68, 77
69, 78
70, 80
71, 80
72, 81
73, 82
74, 83
75, 84
76, 86
77, 88
78, 88
79, 88
80, 91
81, 91
82, 92
83, 94
84, 94
85, 99
86, 97
87, 101
88, 98
89, 104
90, 101
91, 106
92, 106
93, 104
94, 105
95, 106
96, 111
97, 112
98, 113
99, 114
100, 116
101, 115
102, 118
103, 119
104, 120
105, 120
106, 122
107, 122
108, 124
109, 125
110, 126
111, 127
112, 130
113, 131
114, 131
115, 132
116, 133
117, 134
118, 138
119, 136
120, 139
121, 139
122, 141
123, 142
124, 140
125, 142
126, 144
127, 145
128, 145
129, 147
130, 149
131, 149
132, 150
133, 153
134, 153
135, 154
136, 156
137, 158
138, 157
139, 159
140, 160
141, 161
142, 162
143, 163
144, 166
145, 165
146, 167
147, 168
148, 169
149, 169
150, 175
151, 172
152, 176
153, 176
154, 177
155, 177
156, 179
157, 179
158, 181
159, 181
160, 185
161, 185
162, 185
163, 184
164, 190
165, 190
166, 190
167, 191
168, 192
169, 193
170, 193
171, 196
172, 198
173, 194
174, 200
175, 199
176, 206
177, 202
178, 204
179, 206
180, 204
181, 204
182, 208
183, 207
184, 212
185, 215
186, 212
187, 214
188, 216
189, 216
190, 217
191, 219
192, 221
193, 224
194, 221
195, 225
196, 225
197, 226
198, 226
199, 230
200, 230
201, 231
202, 232
203, 233
204, 237
205, 235
206, 235
207, 238
208, 239
209, 240
210, 241
211, 242
212, 242
213, 241
214, 243
215, 247
216, 248
217, 250
218, 247
219, 251
220, 253
221, 253
222, 254
223, 254
224, 256
225, 258
226, 260
227, 261
228, 259
229, 263
230, 263
231, 262
232, 265
233, 266
234, 268
235, 268
236, 270
237, 270
238, 276
239, 275
240, 276
241, 276
242, 275
243, 277
244, 280
245, 280
246, 280
247, 284
248, 283
249, 286
250, 284
251, 289
252, 288
253, 288
254, 290
255, 292
256, 294
257, 296
258, 294
259, 297
260, 296
261, 298
262, 298
263, 302
264, 303
265, 303
266, 303
267, 309
268, 309
269, 307
270, 309
271, 312
272, 309
273, 313
274, 311
275, 313
276, 313
277, 317
278, 318
279, 317
280, 319
281, 321
282, 325
283, 324
284, 327
285, 326
286, 327
287, 332
288, 327
289, 329
290, 332
291, 332
292, 335
293, 334
294, 338
295, 338
296, 339
297, 341
298, 340
299, 346
300, 344
301, 344
302, 343
303, 348
304, 347
305, 349
306, 350
307, 352
308, 349
309, 353
310, 351
311, 355
312, 357
313, 358
314, 358
315, 364
316, 362
317, 363
318, 364
319, 365
320, 365
321, 368
322, 365
323, 371
324, 368
325, 374
326, 374
327, 378
328, 374
329, 377
330, 376
331, 380
332, 379
333, 381
334, 383
335, 383
336, 381
337, 391
338, 387
339, 386
340, 387
341, 393
342, 393
343, 391
344, 395
345, 397
346, 395
347, 399
348, 396
349, 403
350, 401
351, 402
352, 403
353, 403
354, 404
355, 406
356, 410
357, 406
358, 409
359, 410
360, 415
361, 411
362, 415
363, 418
364, 415
365, 419
366, 418
367, 419
368, 420
369, 421
370, 423
371, 425
372, 420
373, 423
374, 428
375, 429
376, 431
377, 432
378, 432
379, 436
380, 436
381, 436
382, 439
383, 439
384, 438
385, 440
386, 442
387, 444
388, 442
389, 442
390, 448
391, 448
392, 449
393, 451
394, 453
395, 452
396, 455
397, 454
398, 453
399, 457
400, 460
401, 461
402, 460
403, 460
404, 462
405, 466
406, 466
407, 470
408, 466
409, 470
410, 469
411, 468
412, 473
413, 472
414, 474
415, 474
416, 480
417, 477
418, 477
419, 480
420, 476
421, 485
422, 483
423, 483
424, 486
425, 486
426, 488
427, 492
428, 491
429, 489
430, 492
431, 495
432, 494
433, 496
434, 496
435, 500
436, 499
437, 500
438, 499
439, 506
440, 505
441, 504
442, 505
443, 509
444, 508
445, 508
446, 507
447, 512
448, 514
449, 513
450, 518
451, 516
452, 514
453, 519
454, 522
455, 520
456, 521
457, 523
458, 525
459, 527
460, 526
461, 528
462, 531
463, 529
464, 532
465, 531
466, 534
467, 534
468, 537
469, 533
470, 538
471, 537
472, 537
473, 540
474, 543
475, 545
476, 540
477, 547
478, 543
479, 547
480, 549
481, 550
482, 551
483, 553
484, 552
485, 555
486, 556
487, 558
488, 559
489, 560
490, 558
491, 564
492, 562
493, 562
494, 562
495, 567
496, 568
497, 568
498, 568
499, 574
500, 573
501, 575
502, 576
503, 578
504, 576
505, 575
506, 575
507, 581
508, 580
509, 580
510, 584
511, 583
512, 588
513, 589
514, 590
515, 590
516, 589
517, 590
518, 593
519, 593
520, 595
521, 598
522, 597
523, 597
524, 602
525, 599
526, 599
527, 604
528, 602
529, 606
530, 602
531, 608
532, 609
533, 609
534, 609
535, 617
536, 614
537, 618
538, 617
539, 615
540, 613
541, 616
542, 620
543, 616
544, 625
545, 624
546, 623
547, 628
548, 628
549, 628
550, 628
551, 624
552, 632
553, 629
554, 633
555, 635
556, 636
557, 635
558, 637
559, 637
560, 633
561, 643
562, 641
563, 643
564, 647
565, 645
566, 642
567, 648
568, 652
569, 650
570, 654
571, 651
572, 653
573, 659
574, 656
575, 660
576, 659
577, 658
578, 666
579, 658
580, 666
581, 664
582, 663
583, 668
584, 670
585, 670
586, 673
587, 672
588, 669
589, 671
590, 673
591, 675
592, 678
593, 676
594, 683
595, 677
596, 681
597, 683
598, 683
599, 688
600, 682
601, 686
602, 692
603, 692
604, 687
605, 693
606, 694
607, 698
608, 700
609, 695
610, 696
611, 698
612, 702
613, 703
614, 698
615, 701
616, 706
617, 704
618, 708
619, 703
620, 710
621, 708
622, 715
623, 710
624, 719
625, 717
626, 716
627, 713
628, 718
629, 717
630, 719
631, 729
632, 720
633, 727
634, 729
635, 730
636, 724
637, 730
638, 727
639, 725
640, 734
641, 736
642, 735
643, 736
644, 739
645, 742
646, 742
647, 737
648, 742
649, 740
650, 740
651, 746
652, 745
653, 751
654, 749
655, 747
656, 748
657, 753
658, 756
659, 751
660, 754
661, 755
662, 749
663, 760
664, 758
665, 769
666, 763
667, 770
668, 761
669, 764
670, 768
671, 766
672, 771
673, 764
674, 770
675, 778
676, 777
677, 775
678, 775
679, 779
680, 779
681, 779
682, 785
683, 783
684, 781
685, 783
686, 789
687, 785
688, 784
689, 787
690, 787
691, 785
692, 794
693, 796
694, 792
695, 792
696, 799
697, 794
698, 803
699, 808
700, 802
701, 805
702, 800
703, 803
704, 806
705, 806
706, 811
707, 808
708, 815
709, 817
710, 815
711, 819
712, 814
713, 820
714, 818
715, 816
716, 821
717, 820
718, 818
719, 824
720, 823
721, 823
722, 822
723, 825
724, 832
725, 827
726, 835
727, 837
728, 836
729, 835
730, 832
731, 841
732, 837
733, 841
734, 844
735, 840
736, 846
737, 851
738, 844
739, 852
740, 846
741, 851
742, 850
743, 852
744, 853
745, 859
746, 851
747, 858
748, 853
749, 862
750, 865
751, 861
752, 861
753, 864
754, 860
755, 870
756, 863
757, 869
758, 866
759, 867
760, 872
761, 875
762, 874
763, 878
764, 879
765, 879
766, 874
767, 879
768, 884
769, 883
770, 881
771, 884
772, 881
773, 889
774, 886
775, 887
776, 893
777, 891
778, 894
779, 884
780, 894
781, 896
782, 900
783, 895
784, 903
785, 901
786, 897
787, 904
788, 903
789, 903
790, 907
791, 908
792, 911
793, 906
794, 907
795, 911
796, 914
797, 910
798, 916
799, 918
800, 915
801, 920
802, 922
803, 925
804, 917
805, 926
806, 931
807, 925
808, 924
809, 926
810, 919
811, 933
812, 932
813, 933
814, 936
815, 934
816, 941
817, 938
818, 941
819, 940
820, 938
821, 945
822, 938
823, 944
824, 947
825, 947
826, 948
827, 955
828, 946
829, 954
830, 952
831, 951
832, 954
833, 951
834, 956
835, 956
836, 959
837, 959
838, 961
839, 961
840, 964
841, 962
842, 966
843, 967
844, 970
845, 974
846, 968
847, 973
848, 971
849, 975
850, 972
851, 972
852, 977
853, 979
854, 975
855, 977
856, 979
857, 982
858, 986
859, 986
860, 985
861, 989
862, 987
863, 994
864, 996
865, 991
866, 989
867, 996
868, 991
869, 998
870, 998
871, 994
872, 1004
873, 1001
874, 1002
875, 1013
876, 1006
877, 1004
878, 1007
879, 1005
880, 1003
881, 1008
882, 1009
883, 1015
884, 1010
885, 1008
886, 1014
887, 1015
888, 1019
889, 1021
890, 1020
891, 1023
892, 1022
893, 1019
894, 1022
895, 1029
896, 1033
897, 1024
898, 1028
899, 1035
900, 1029
901, 1036
902, 1034
903, 1038
904, 1036
905, 1039
906, 1030
907, 1042
908, 1043
909, 1042
910, 1043
911, 1043
912, 1052
913, 1048
914, 1049
915, 1051
916, 1051
917, 1051
918, 1051
919, 1053
920, 1056
921, 1054
922, 1055
923, 1054
924, 1057
925, 1057
926, 1060
927, 1062
928, 1072
929, 1071
930, 1070
931, 1066
932, 1066
933, 1075
934, 1069
935, 1074
936, 1077
937, 1074
938, 1074
939, 1074
940, 1079
941, 1075
942, 1080
943, 1083
944, 1080
945, 1089
946, 1083
947, 1084
948, 1086
949, 1090
950, 1088
951, 1088
952, 1084
953, 1087
954, 1097
955, 1088
956, 1089
957, 1097
958, 1100
959, 1097
960, 1100
961, 1103
962, 1105
963, 1102
964, 1106
965, 1104
966, 1104
967, 1110
968, 1109
969, 1112
970, 1112
971, 1113
972, 1116
973, 1114
974, 1119
975, 1117
976, 1119
977, 1127
978, 1122
979, 1122
980, 1117
981, 1126
982, 1122
983, 1124
984, 1128
985, 1123
986, 1129
987, 1129
988, 1135
989, 1129
990, 1134
991, 1138
992, 1133
993, 1141
994, 1134
995, 1139
996, 1139
997, 1142
998, 1146
999, 1145
1000, 1142
1001, 1150
1002, 1146
1003, 1149
1004, 1151
1005, 1154
1006, 1153
1007, 1152
1008, 1148
1009, 1166
1010, 1155
1011, 1161
1012, 1161
1013, 1159
1014, 1161
1015, 1163
1016, 1161
1017, 1166
1018, 1167
1019, 1171
1020, 1165
1021, 1171
1022, 1165
1023, 1172
1024, 1175
1025, 1171
1026, 1174
1027, 1170
1028, 1180
1029, 1174
1030, 1180
1031, 1177
1032, 1184
1033, 1183
1034, 1180
1035, 1183
1036, 1190
1037, 1191
1038, 1193
1039, 1191
1040, 1184
1041, 1195
1042, 1196
1043, 1192
1044, 1191
1045, 1196
1046, 1198
1047, 1199
1048, 1202
1049, 1206
1050, 1204
1051, 1202
1052, 1201
1053, 1204
1054, 1209
1055, 1210
1056, 1210
1057, 1214
1058, 1213
1059, 1215
1060, 1212
1061, 1213
1062, 1218
1063, 1212
1064, 1220
1065, 1221
1066, 1222
1067, 1222
1068, 1223
1069, 1227
1070, 1228
1071, 1227
1072, 1224
1073, 1231
1074, 1229
1075, 1233
1076, 1238
1077, 1235
1078, 1236
1079, 1239
1080, 1237
1081, 1238
1082, 1242
1083, 1241
1084, 1242
1085, 1240
1086, 1249
1087, 1240
1088, 1252
1089, 1243
1090, 1253
1091, 1248
1092, 1246
1093, 1254
1094, 1253
1095, 1255
1096, 1258
1097, 1255
1098, 1258
1099, 1261
1100, 1262
1101, 1262
1102, 1259
1103, 1260
1104, 1260
1105, 1263
1106, 1268
1107, 1266
1108, 1269
1109, 1275
1110, 1269
1111, 1271
1112, 1275
1113, 1272
1114, 1275
1115, 1279
1116, 1278
1117, 1277
1118, 1279
1119, 1282
1120, 1278
1121, 1289
1122, 1284
1123, 1282
1124, 1290
1125, 1290
1126, 1295
1127, 1291
1128, 1297
1129, 1291
1130, 1291
1131, 1296
1132, 1297
1133, 1299
1134, 1301
1135, 1299
1136, 1295
1137, 1301
1138, 1303
1139, 1310
1140, 1309
1141, 1312
1142, 1307
1143, 1311
1144, 1307
1145, 1314
1146, 1310
1147, 1312
1148, 1310
1149, 1318
1150, 1317
1151, 1321
1152, 1318
1153, 1315
1154, 1321
1155, 1322
1156, 1326
1157, 1319
1158, 1322
1159, 1327
1160, 1327
1161, 1329
1162, 1326
1163, 1334
1164, 1334
1165, 1329
1166, 1330
1167, 1334
1168, 1331
1169, 1344
1170, 1339
1171, 1346
1172, 1340
1173, 1350
1174, 1343
1175, 1350
1176, 1345
1177, 1344
1178, 1347
1179, 1349
1180, 1354
1181, 1360
1182, 1349
1183, 1359
1184, 1357
1185, 1362
1186, 1355
1187, 1360
1188, 1364
1189, 1357
1190, 1363
1191, 1363
1192, 1366
1193, 1367
1194, 1366
1195, 1370
1196, 1375
1197, 1372
1198, 1368
1199, 1375
1200, 1369
1201, 1377
1202, 1381
1203, 1378
1204, 1379
1205, 1383
1206, 1382
1207, 1379
1208, 1392
1209, 1388
1210, 1395
1211, 1385
1212, 1385
1213, 1387
1214, 1388
1215, 1391
1216, 1395
1217, 1400
1218, 1393
1219, 1399
1220, 1392
1221, 1404
1222, 1399
1223, 1400
1224, 1400
1225, 1403
1226, 1402
1227, 1410
1228, 1406
1229, 1406
1230, 1408
1231, 1417
1232, 1411
1233, 1408
1234, 1416
1235, 1414
1236, 1406
1237, 1413
1238, 1419
1239, 1422
1240, 1416
1241, 1422
1242, 1426
1243, 1425
1244, 1425
1245, 1435
1246, 1423
1247, 1425
1248, 1428
1249, 1422
1250, 1436
1251, 1430
1252, 1431
1253, 1432
1254, 1439
1255, 1437
1256, 1439
1257, 1440
1258, 1443
1259, 1438
1260, 1446
1261, 1437
1262, 1447
1263, 1444
1264, 1456
1265, 1445
1266, 1447
1267, 1445
1268, 1454
1269, 1456
1270, 1452
1271, 1458
1272, 1457
1273, 1453
1274, 1463
1275, 1460
1276, 1454
1277, 1468
1278, 1466
1279, 1468
1280, 1470
1281, 1472
1282, 1471
1283, 1468
1284, 1470
1285, 1476
1286, 1469
1287, 1468
1288, 1478
1289, 1478
1290, 1469
1291, 1478
1292, 1474
1293, 1489
1294, 1486
1295, 1490
1296, 1481
1297, 1486
1298, 1494
1299, 1490
1300, 1490
1301, 1484
1302, 1488
1303, 1493
1304, 1492
1305, 1490
1306, 1492
1307, 1490
1308, 1495
1309, 1508
1310, 1502
1311, 1493
1312, 1499
1313, 1502
1314, 1504
1315, 1499
1316, 1503
1317, 1508
1318, 1510
1319, 1511
1320, 1507
1321, 1517
1322, 1510
1323, 1515
1324, 1515
1325, 1522
1326, 1523
1327, 1523
1328, 1514
1329, 1522
1330, 1525
1331, 1528
1332, 1525
1333, 1526
1334, 1529
1335, 1527
1336, 1534
1337, 1531
1338, 1530
1339, 1539
1340, 1542
1341, 1536
1342, 1539
1343, 1532
1344, 1536
1345, 1546
1346, 1540
1347, 1542
1348, 1542
1349, 1555
1350, 1550
1351, 1545
1352, 1549
1353, 1551
1354, 1553
1355, 1549
1356, 1558
1357, 1553
1358, 1560
1359, 1557
1360, 1554
1361, 1560
1362, 1560
1363, 1557
1364, 1567
1365, 1561
1366, 1573
1367, 1573
1368, 1570
1369, 1574
1370, 1566
1371, 1572
1372, 1574
1373, 1572
1374, 1578
1375, 1575
1376, 1574
1377, 1573
1378, 1580
1379, 1573
1380, 1583
1381, 1590
1382, 1588
1383, 1587
1384, 1587
1385, 1592
1386, 1589
1387, 1595
1388, 1596
1389, 1592
1390, 1601
1391, 1588
1392, 1595
1393, 1594
1394, 1605
1395, 1598
1396, 1602
1397, 1609
1398, 1599
1399, 1596
1400, 1603
1401, 1600
1402, 1606
1403, 1608
1404, 1609
1405, 1614
1406, 1611
1407, 1605
1408, 1613
1409, 1611
1410, 1617
1411, 1617
1412, 1615
1413, 1615
1414, 1618
1415, 1627
1416, 1618
1417, 1627
1418, 1621
1419, 1633
1420, 1629
1421, 1632
1422, 1630
1423, 1631
1424, 1638
1425, 1632
1426, 1633
1427, 1643
1428, 1632
1429, 1632
1430, 1633
1431, 1640
1432, 1639
1433, 1644
1434, 1648
1435, 1642
1436, 1653
1437, 1651
1438, 1649
1439, 1657
1440, 1648
1441, 1654
1442, 1653
1443, 1650
1444, 1657
1445, 1656
1446, 1656
1447, 1654
1448, 1655
1449, 1657
1450, 1667
1451, 1663
1452, 1664
1453, 1666
1454, 1666
1455, 1655
1456, 1670
1457, 1671
1458, 1668
1459, 1671
1460, 1670
1461, 1674
1462, 1675
1463, 1672
1464, 1674
1465, 1684
1466, 1681
1467, 1680
1468, 1684
1469, 1680
1470, 1689
1471, 1687
1472, 1684
1473, 1686
1474, 1698
1475, 1687
1476, 1701
1477, 1693
1478, 1694
1479, 1689
1480, 1693
1481, 1696
1482, 1700
1483, 1700
1484, 1696
1485, 1709
1486, 1704
1487, 1710
1488, 1713
1489, 1707
1490, 1707
1491, 1713
1492, 1705
1493, 1715
1494, 1719
1495, 1711
1496, 1714
1497, 1709
1498, 1717
1499, 1712
1500, 1711
1501, 1716
1502, 1722
1503, 1717
1504, 1722
1505, 1718
1506, 1721
1507, 1732
1508, 1726
1509, 1732
1510, 1727
1511, 1733
1512, 1730
1513, 1739
1514, 1736
1515, 1753
1516, 1742
1517, 1739
1518, 1741
1519, 1744
1520, 1747
1521, 1744
1522, 1741
1523, 1753
1524, 1747
1525, 1748
1526, 1740
1527, 1753
1528, 1752
1529, 1754
1530, 1749
1531, 1762
1532, 1759
1533, 1763
1534, 1757
1535, 1761
1536, 1768
1537, 1762
1538, 1762
1539, 1763
1540, 1763
1541, 1765
1542, 1776
1543, 1773
1544, 1774
1545, 1780
1546, 1773
1547, 1771
1548, 1766
1549, 1776
1550, 1780
1551, 1774
1552, 1776
1553, 1783
1554, 1779
1555, 1785
1556, 1780
1557, 1781
1558, 1788
1559, 1787
1560, 1783
1561, 1784
1562, 1788
1563, 1792
1564, 1799
1565, 1790
1566, 1793
1567, 1808
1568, 1795
1569, 1801
1570, 1798
1571, 1798
1572, 1811
1573, 1796
1574, 1803
1575, 1808
1576, 1812
1577, 1806
1578, 1809
1579, 1807
1580, 1814
1581, 1809
1582, 1814
1583, 1814
1584, 1820
1585, 1818
1586, 1824
1587, 1814
1588, 1822
1589, 1823
1590, 1823
1591, 1826
1592, 1827
1593, 1827
1594, 1826
1595, 1830
1596, 1830
1597, 1832
1598, 1833
1599, 1833
1600, 1836
1601, 1837
1602, 1837
1603, 1826
1604, 1841
1605, 1847
1606, 1838
1607, 1839
1608, 1842
1609, 1846
1610, 1853
1611, 1846
1612, 1849
1613, 1841
1614, 1848
1615, 1855
1616, 1845
1617, 1854
1618, 1855
1619, 1856
1620, 1863
1621, 1860
1622, 1864
1623, 1864
1624, 1854
1625, 1862
1626, 1859
1627, 1866
1628, 1863
1629, 1871
1630, 1869
1631, 1871
1632, 1876
1633, 1872
1634, 1873
1635, 1871
1636, 1880
1637, 1881
1638, 1870
1639, 1875
1640, 1877
1641, 1887
1642, 1886
1643, 1882
1644, 1888
1645, 1885
1646, 1879
1647, 1893
1648, 1895
1649, 1895
1650, 1892
1651, 1895
1652, 1893
1653, 1899
1654, 1893
1655, 1896
1656, 1899
1657, 1905
1658, 1891
1659, 1903
1660, 1900
1661, 1910
1662, 1902
1663, 1904
1664, 1913
1665, 1915
1666, 1904
1667, 1914
1668, 1912
1669, 1920
1670, 1921
1671, 1916
1672, 1915
1673, 1924
1674, 1911
1675, 1923
1676, 1922
1677, 1924
1678, 1922
1679, 1927
1680, 1936
1681, 1926
1682, 1934
1683, 1931
1684, 1927
1685, 1931
1686, 1930
1687, 1937
1688, 1932
1689, 1940
1690, 1936
1691, 1939
1692, 1939
1693, 1943
1694, 1947
1695, 1939
1696, 1944
1697, 1945
1698, 1947
1699, 1943
1700, 1951
1701, 1950
1702, 1950
1703, 1951
1704, 1955
1705, 1946
1706, 1955
1707, 1951
1708, 1957
1709, 1963
1710, 1959
1711, 1960
1712, 1963
1713, 1965
1714, 1967
1715, 1964
1716, 1970
1717, 1962
1718, 1977
1719, 1968
1720, 1976
1721, 1978
1722, 1974
1723, 1976
1724, 1975
1725, 1976
1726, 1981
1727, 1974
1728, 1979
1729, 1976
1730, 1980
1731, 1987
1732, 1988
1733, 1988
1734, 1988
1735, 1985
1736, 1993
1737, 1990
1738, 1991
1739, 1991
1740, 1993
1741, 1998
1742, 1994
1743, 2005
1744, 2006
1745, 2008
1746, 1998
1747, 2001
1748, 2005
1749, 2009
1750, 2009
1751, 2008
1752, 2008
1753, 2008
1754, 2013
1755, 2010
1756, 2015
1757, 2019
1758, 2019
1759, 2010
1760, 2015
1761, 2020
1762, 2021
1763, 2025
1764, 2023
1765, 2020
1766, 2018
1767, 2028
1768, 2023
1769, 2023
1770, 2035
1771, 2034
1772, 2030
1773, 2031
1774, 2036
1775, 2029
1776, 2036
1777, 2039
1778, 2043
1779, 2034
1780, 2043
1781, 2036
1782, 2038
1783, 2039
1784, 2048
1785, 2050
1786, 2047
1787, 2052
1788, 2052
1789, 2052
1790, 2048
1791, 2049
1792, 2061
1793, 2050
1794, 2055
1795, 2058
1796, 2053
1797, 2062
1798, 2067
1799, 2058
1800, 2062
1801, 2064
1802, 2075
1803, 2068
1804, 2073
1805, 2067
1806, 2073
1807, 2069
1808, 2069
1809, 2069
1810, 2077
1811, 2075
1812, 2076
1813, 2076
1814, 2076
1815, 2071
1816, 2088
1817, 2081
1818, 2083
1819, 2087
1820, 2087
1821, 2084
1822, 2088
1823, 2080
1824, 2087
1825, 2088
1826, 2089
1827, 2086
1828, 2096
1829, 2095
1830, 2102
1831, 2098
1832, 2099
1833, 2097
1834, 2099
1835, 2106
1836, 2099
1837, 2100
1838, 2110
1839, 2103
1840, 2110
1841, 2109
1842, 2107
1843, 2118
1844, 2115
1845, 2107
1846, 2115
1847, 2119
1848, 2125
1849, 2115
1850, 2117
1851, 2127
1852, 2117
1853, 2126
1854, 2129
1855, 2125
1856, 2126
1857, 2130
1858, 2127
1859, 2131
1860, 2131
1861, 2137
1862, 2133
1863, 2138
1864, 2143
1865, 2140
1866, 2139
1867, 2138
1868, 2148
1869, 2152
1870, 2146
1871, 2144
1872, 2147
1873, 2152
1874, 2147
1875, 2155
1876, 2148
1877, 2151
1878, 2153
1879, 2156
1880, 2153
1881, 2151
1882, 2163
1883, 2163
1884, 2168
1885, 2163
1886, 2168
1887, 2159
1888, 2162
1889, 2165
1890, 2162
1891, 2174
1892, 2173
1893, 2167
1894, 2178
1895, 2181
1896, 2168
1897, 2177
1898, 2174
1899, 2169
1900, 2175
1901, 2174
1902, 2176
1903, 2181
1904, 2187
1905, 2178
1906, 2180
1907, 2184
1908, 2190
1909, 2184
1910, 2191
1911, 2187
1912, 2189
1913, 2191
1914, 2193
1915, 2190
1916, 2188
1917, 2190
1918, 2209
1919, 2197
1920, 2194
1921, 2202
1922, 2202
1923, 2208
1924, 2209
1925, 2204
1926, 2208
1927, 2211
1928, 2215
1929, 2212
1930, 2221
1931, 2210
1932, 2211
1933, 2218
1934, 2214
1935, 2218
1936, 2215
1937, 2224
1938, 2227
1939, 2225
1940, 2216
1941, 2226
1942, 2217
1943, 2227
1944, 2228
1945, 2229
1946, 2232
1947, 2225
1948, 2236
1949, 2234
1950, 2241
1951, 2238
1952, 2242
1953, 2243
1954, 2246
1955, 2239
1956, 2244
1957, 2250
1958, 2249
1959, 2249
1960, 2243
1961, 2251
1962, 2247
1963, 2247
1964, 2258
1965, 2250
1966, 2249
1967, 2256
1968, 2259
1969, 2259
1970, 2254
1971, 2254
1972, 2261
1973, 2254
1974, 2260
1975, 2262
1976, 2266
1977, 2265
1978, 2267
1979, 2271
1980, 2268
1981, 2272
1982, 2265
1983, 2277
1984, 2274
1985, 2274
1986, 2269
1987, 2280
1988, 2281
1989, 2283
1990, 2280
1991, 2281
1992, 2281
1993, 2282
1994, 2287
1995, 2277
1996, 2287
1997, 2285
1998, 2298
1999, 2289
2000, 2293
2001, 2292
2002, 2293
2003, 2291
2004, 2292
2005, 2300
2006, 2299
2007, 2301
2008, 2303
2009, 2300
2010, 2299
2011, 2300
2012, 2302
2013, 2314
2014, 2305
2015, 2306
2016, 2313
2017, 2312
2018, 2309
2019, 2313
2020, 2323
2021, 2316
2022, 2309
2023, 2317
2024, 2312
2025, 2313
2026, 2324
2027, 2320
2028, 2312
2029, 2323
2030, 2328
2031, 2324
2032, 2333
2033, 2328
2034, 2321
2035, 2334
2036, 2334
2037, 2329
2038, 2338
2039, 2331
2040, 2336
2041, 2333
2042, 2335
2043, 2338
2044, 2339
2045, 2334
2046, 2339
2047, 2340
2048, 2345
2049, 2349
2050, 2346
2051, 2356
2052, 2352
2053, 2356
2054, 2350
2055, 2354
2056, 2359
2057, 2361
2058, 2348
2059, 2355
2060, 2360
2061, 2368
2062, 2360
2063, 2366
2064, 2366
2065, 2367
2066, 2364
2067, 2364
2068, 2371
2069, 2380
2070, 2368
2071, 2372
2072, 2385
2073, 2376
2074, 2372
2075, 2379
2076, 2385
2077, 2382
2078, 2385
2079, 2380
2080, 2387
2081, 2383
2082, 2378
2083, 2388
2084, 2385
2085, 2397
2086, 2384
2087, 2387
2088, 2393
2089, 2387
2090, 2400
2091, 2398
2092, 2399
2093, 2396
2094, 2398
2095, 2403
2096, 2405
2097, 2403
2098, 2402
2099, 2405
2100, 2403
2101, 2408
2102, 2406
2103, 2410
2104, 2407
2105, 2416
2106, 2410
2107, 2411
2108, 2406
2109, 2422
2110, 2411
2111, 2414
2112, 2428
2113, 2422
2114, 2423
2115, 2427
2116, 2426
2117, 2421
2118, 2427
2119, 2424
2120, 2424
2121, 2432
2122, 2433
2123, 2427
2124, 2434
2125, 2425
2126, 2437
2127, 2434
2128, 2430
2129, 2445
2130, 2439
2131, 2447
2132, 2446
2133, 2438
2134, 2441
2135, 2452
2136, 2447
2137, 2450
2138, 2451
2139, 2450
2140, 2450
2141, 2456
2142, 2460
2143, 2450
2144, 2456
2145, 2457
2146, 2454
2147, 2452
2148, 2467
2149, 2455
2150, 2469
2151, 2460
2152, 2469
2153, 2472
2154, 2471
2155, 2462
2156, 2478
2157, 2474
2158, 2479
2159, 2469
2160, 2477
2161, 2478
2162, 2473
2163, 2484
2164, 2478
2165, 2486
2166, 2474
2167, 2491
2168, 2480
2169, 2486
2170, 2489
2171, 2479
2172, 2484
2173, 2497
2174, 2495
2175, 2491
2176, 2493
2177, 2502
2178, 2489
2179, 2492
2180, 2494
2181, 2493
2182, 2498
2183, 2504
2184, 2503
2185, 2498
2186, 2497
2187, 2506
2188, 2501
2189, 2506
2190, 2514
2191, 2512
2192, 2511
2193, 2515
2194, 2520
2195, 2516
2196, 2517
2197, 2523
2198, 2522
2199, 2521
2200, 2521
2201, 2520
2202, 2512
2203, 2517
2204, 2523
2205, 2529
2206, 2529
2207, 2535
2208, 2531
2209, 2535
2210, 2531
2211, 2529
2212, 2533
2213, 2535
2214, 2540
2215, 2530
2216, 2534
2217, 2540
2218, 2538
2219, 2540
2220, 2543
2221, 2557
2222, 2542
2223, 2548
2224, 2544
2225, 2546
2226, 2550
2227, 2554
2228, 2549
2229, 2554
2230, 2555
2231, 2540
2232, 2555
2233, 2553
2234, 2562
2235, 2557
2236, 2565
2237, 2568
2238, 2574
2239, 2564
2240, 2564
2241, 2573
2242, 2570
2243, 2567
2244, 2558
2245, 2573
2246, 2569
2247, 2585
2248, 2573
2249, 2579
2250, 2576
2251, 2579
2252, 2583
2253, 2589
2254, 2580
2255, 2578
2256, 2585
2257, 2580
2258, 2589
2259, 2583
2260, 2584
2261, 2590
2262, 2591
2263, 2601
2264, 2599
2265, 2590
2266, 2597
2267, 2604
2268, 2592
2269, 2597
2270, 2600
2271, 2601
2272, 2604
2273, 2603
2274, 2597
2275, 2617
2276, 2601
2277, 2609
2278, 2602
2279, 2615
2280, 2619
2281, 2614
2282, 2606
2283, 2619
2284, 2617
2285, 2623
2286, 2625
2287, 2611
2288, 2621
2289, 2627
2290, 2631
2291, 2620
2292, 2618
2293, 2620
2294, 2634
2295, 2625
2296, 2622
2297, 2631
2298, 2627
2299, 2635
2300, 2639
2301, 2638
2302, 2642
2303, 2640
2304, 2638
2305, 2647
2306, 2645
2307, 2648
2308, 2645
2309, 2649
2310, 2653
2311, 2648
2312, 2644
2313, 2650
2314, 2654
2315, 2645
2316, 2654
2317, 2653
2318, 2655
2319, 2665
2320, 2649
2321, 2662
2322, 2663
2323, 2657
2324, 2661
2325, 2657
2326, 2672
2327, 2668
2328, 2667
2329, 2665
2330, 2670
2331, 2669
2332, 2671
2333, 2678
2334, 2667
2335, 2669
2336, 2688
2337, 2680
2338, 2673
2339, 2682
2340, 2679
2341, 2686
2342, 2675
2343, 2682
2344, 2685
2345, 2684
2346, 2687
2347, 2689
2348, 2688
2349, 2695
2350, 2688
2351, 2694
2352, 2685
2353, 2693
2354, 2694
2355, 2698
2356, 2700
2357, 2701
2358, 2700
2359, 2694
2360, 2701
2361, 2710
2362, 2716
2363, 2716
2364, 2709
2365, 2706
2366, 2716
2367, 2705
2368, 2719
2369, 2709
2370, 2716
2371, 2714
2372, 2714
2373, 2720
2374, 2722
2375, 2723
2376, 2723
2377, 2725
2378, 2726
2379, 2731
2380, 2724
2381, 2727
2382, 2729
2383, 2735
2384, 2734
2385, 2727
2386, 2731
2387, 2733
2388, 2743
2389, 2743
2390, 2738
2391, 2736
2392, 2732
2393, 2739
2394, 2742
2395, 2739
2396, 2741
2397, 2746
2398, 2743
2399, 2752
2400, 2753
2401, 2759
2402, 2751
2403, 2758
2404, 2754
2405, 2755
2406, 2760
2407, 2755
2408, 2761
2409, 2757
2410, 2756
2411, 2757
2412, 2761
2413, 2765
2414, 2770
2415, 2762
2416, 2758
2417, 2762
2418, 2775
2419, 2770
2420, 2777
2421, 2767
2422, 2776
2423, 2785
2424, 2777
2425, 2783
2426, 2786
2427, 2781
2428, 2792
2429, 2789
2430, 2785
2431, 2786
2432, 2788
2433, 2789
2434, 2796
2435, 2780
2436, 2795
2437, 2800
2438, 2798
2439, 2787
2440, 2792
2441, 2794
2442, 2800
2443, 2803
2444, 2800
2445, 2801
2446, 2803
2447, 2801
2448, 2802
2449, 2801
2450, 2810
2451, 2809
2452, 2806
2453, 2810
2454, 2809
2455, 2813
2456, 2812
2457, 2811
2458, 2815
2459, 2820
2460, 2833
2461, 2820
2462, 2821
2463, 2826
2464, 2820
2465, 2824
2466, 2825
2467, 2827
2468, 2811
2469, 2830
2470, 2832
2471, 2829
2472, 2840
2473, 2829
2474, 2832
2475, 2837
2476, 2836
2477, 2846
2478, 2822
2479, 2836
2480, 2848
2481, 2850
2482, 2854
2483, 2838
2484, 2837
2485, 2845
2486, 2841
2487, 2840
2488, 2857
2489, 2855
2490, 2860
2491, 2859
2492, 2857
2493, 2847
2494, 2865
2495, 2854
2496, 2873
2497, 2858
2498, 2861
2499, 2867
2500, 2862
2501, 2862
2502, 2883
2503, 2866
2504, 2872
2505, 2865
2506, 2870
2507, 2873
2508, 2870
2509, 2879
2510, 2876
2511, 2878
2512, 2880
2513, 2876
2514, 2880
2515, 2877
2516, 2886
2517, 2888
2518, 2881
2519, 2884
2520, 2890
2521, 2880
2522, 2885
2523, 2890
2524, 2891
2525, 2896
2526, 2895
2527, 2893
2528, 2896
2529, 2888
2530, 2906
2531, 2907
2532, 2903
2533, 2900
2534, 2904
2535, 2899
2536, 2911
2537, 2901
2538, 2905
2539, 2916
2540, 2906
2541, 2922
2542, 2914
2543, 2911
2544, 2917
2545, 2912
2546, 2916
2547, 2928
2548, 2917
2549, 2925
2550, 2925
2551, 2921
2552, 2921
2553, 2926
2554, 2928
2555, 2921
2556, 2934
2557, 2931
2558, 2930
2559, 2926
2560, 2927
2561, 2932
2562, 2929
2563, 2934
2564, 2930
2565, 2941
2566, 2936
2567, 2945
2568, 2940
2569, 2939
2570, 2938
2571, 2947
2572, 2941
2573, 2946
2574, 2954
2575, 2949
2576, 2943
2577, 2951
2578, 2958
2579, 2953
2580, 2952
2581, 2957
2582, 2973
2583, 2960
2584, 2958
2585, 2971
2586, 2954
2587, 2955
2588, 2966
2589, 2967
2590, 2968
2591, 2974
2592, 2967
2593, 2975
2594, 2985
2595, 2969
2596, 2969
2597, 2976
2598, 2977
2599, 2979
2600, 2975
2601, 2991
2602, 2979
2603, 2979
2604, 2984
2605, 2993
2606, 2996
2607, 2992
2608, 2984
2609, 3003
2610, 2989
2611, 2992
2612, 2997
2613, 2999
2614, 2996
2615, 2989
2616, 2995
2617, 2996
2618, 2998
2619, 2999
2620, 3007
2621, 3012
2622, 3002
2623, 3012
2624, 3002
2625, 3000
2626, 3018
2627, 2993
2628, 3011
2629, 3013
2630, 3019
2631, 3014
2632, 3020
2633, 3020
2634, 3018
2635, 3021
2636, 3027
2637, 3023
2638, 3029
2639, 3028
2640, 3022
2641, 3022
2642, 3023
2643, 3018
2644, 3030
2645, 3029
2646, 3037
2647, 3035
2648, 3034
2649, 3038
2650, 3035
2651, 3029
2652, 3031
2653, 3044
2654, 3033
2655, 3031
2656, 3042
2657, 3043
2658, 3052
2659, 3046
2660, 3052
2661, 3047
2662, 3042
2663, 3044
2664, 3058
2665, 3063
2666, 3058
2667, 3058
2668, 3054
2669, 3064
2670, 3061
2671, 3062
2672, 3061
2673, 3062
2674, 3056
2675, 3066
2676, 3068
2677, 3067
2678, 3069
2679, 3063
2680, 3069
2681, 3065
2682, 3070
2683, 3079
2684, 3070
2685, 3074
2686, 3078
2687, 3074
2688, 3081
2689, 3084
2690, 3091
2691, 3081
2692, 3082
2693, 3086
2694, 3086
2695, 3083
2696, 3094
2697, 3094
2698, 3091
2699, 3097
2700, 3088
2701, 3089
2702, 3093
2703, 3101
2704, 3089
2705, 3094
2706, 3098
2707, 3101
2708, 3097
2709, 3104
2710, 3113
2711, 3113
2712, 3108
2713, 3109
2714, 3109
2715, 3106
2716, 3112
2717, 3101
2718, 3116
2719, 3122
2720, 3106
2721, 3121
2722, 3115
2723, 3130
2724, 3112
2725, 3129
2726, 3129
2727, 3124
2728, 3140
2729, 3130
2730, 3121
2731, 3132
2732, 3128
2733, 3130
2734, 3129
2735, 3135
2736, 3142
2737, 3132
2738, 3138
2739, 3134
2740, 3136
2741, 3139
2742, 3147
2743, 3137
2744, 3147
2745, 3147
2746, 3156
2747, 3149
2748, 3146
2749, 3154
2750, 3154
2751, 3149
2752, 3156
2753, 3164
2754, 3158
2755, 3156
2756, 3161
2757, 3160
2758, 3157
2759, 3166
2760, 3173
2761, 3162
2762, 3164
2763, 3160
2764, 3172
2765, 3165
2766, 3175
2767, 3163
2768, 3173
2769, 3172
2770, 3167
2771, 3186
2772, 3179
2773, 3182
2774, 3190
2775, 3172
2776, 3179
2777, 3184
2778, 3186
2779, 3191
2780, 3178
2781, 3188
2782, 3201
2783, 3199
2784, 3189
2785, 3185
2786, 3195
2787, 3181
2788, 3194
2789, 3202
2790, 3198
2791, 3190
2792, 3196
2793, 3198
2794, 3204
2795, 3206
2796, 3207
2797, 3204
2798, 3211
2799, 3208
2800, 3213
2801, 3207
2802, 3202
2803, 3222
2804, 3221
2805, 3226
2806, 3207
2807, 3219
2808, 3213
2809, 3224
2810, 3219
2811, 3229
2812, 3225
2813, 3220
2814, 3220
2815, 3221
2816, 3231
2817, 3229
2818, 3230
2819, 3229
2820, 3226
2821, 3214
2822, 3234
2823, 3232
2824, 3242
2825, 3248
2826, 3237
2827, 3238
2828, 3243
2829, 3239
2830, 3242
2831, 3250
2832, 3262
2833, 3253
2834, 3246
2835, 3245
2836, 3265
2837, 3249
2838, 3245
2839, 3261
2840, 3271
2841, 3244
2842, 3252
2843, 3265
2844, 3259
2845, 3265
2846, 3254
2847, 3262
2848, 3263
2849, 3265
2850, 3267
2851, 3268
2852, 3274
2853, 3287
2854, 3274
2855, 3265
2856, 3284
2857, 3273
2858, 3270
2859, 3275
2860, 3282
2861, 3272
2862, 3278
2863, 3286
2864, 3278
2865, 3279
2866, 3301
2867, 3284
2868, 3282
2869, 3285
2870, 3303
2871, 3294
2872, 3288
2873, 3287
2874, 3303
2875, 3284
2876, 3297
2877, 3303
2878, 3299
2879, 3299
2880, 3304
2881, 3295
2882, 3301
2883, 3305
2884, 3296
2885, 3309
2886, 3304
2887, 3306
2888, 3308
2889, 3307
2890, 3309
2891, 3306
2892, 3306
2893, 3317
2894, 3315
2895, 3309
2896, 3317
2897, 3322
2898, 3316
2899, 3328
2900, 3325
2901, 3326
2902, 3335
2903, 3326
2904, 3327
2905, 3328
2906, 3335
2907, 3318
2908, 3335
2909, 3326
2910, 3337
2911, 3335
2912, 3343
2913, 3341
2914, 3342
2915, 3334
2916, 3339
2917, 3345
2918, 3343
2919, 3344
2920, 3352
2921, 3348
2922, 3355
2923, 3351
2924, 3364
2925, 3349
2926, 3355
2927, 3348
2928, 3348
2929, 3356
2930, 3352
2931, 3362
2932, 3364
2933, 3362
2934, 3352
2935, 3365
2936, 3367
2937, 3367
2938, 3378
2939, 3367
2940, 3369
2941, 3374
2942, 3372
2943, 3381
2944, 3372
2945, 3370
2946, 3379
2947, 3382
2948, 3371
2949, 3385
2950, 3383
2951, 3379
2952, 3393
2953, 3376
2954, 3383
2955, 3387
2956, 3386
2957, 3395
2958, 3387
2959, 3395
2960, 3387
2961, 3397
2962, 3394
2963, 3394
2964, 3404
2965, 3393
2966, 3394
2967, 3409
2968, 3404
2969, 3401
2970, 3402
2971, 3403
2972, 3401
2973, 3414
2974, 3401
2975, 3407
2976, 3409
2977, 3420
2978, 3405
2979, 3419
2980, 3411
2981, 3424
2982, 3419
2983, 3418
2984, 3427
2985, 3419
2986, 3430
2987, 3419
2988, 3424
2989, 3427
2990, 3421
2991, 3438
2992, 3433
2993, 3439
2994, 3427
2995, 3437
2996, 3432
2997, 3440
2998, 3440
2999, 3436
3000, 3448
3001, 3437
3002, 3448
3003, 3438
3004, 3443
3005, 3437
3006, 3454
3007, 3445
3008, 3448
3009, 3448
3010, 3445
3011, 3452
3012, 3447
3013, 3449
3014, 3468
3015, 3455
3016, 3462
3017, 3454
3018, 3458
3019, 3464
3020, 3467
3021, 3464
3022, 3454
3023, 3476
3024, 3461
3025, 3471
3026, 3467
3027, 3480
3028, 3465
3029, 3476
3030, 3476
3031, 3465
3032, 3474
3033, 3471
3034, 3473
3035, 3483
3036, 3480
3037, 3486
3038, 3465
3039, 3483
3040, 3486
3041, 3489
3042, 3485
3043, 3489
3044, 3486
3045, 3499
3046, 3493
3047, 3497
3048, 3488
3049, 3497
3050, 3498
3051, 3496
3052, 3492
3053, 3502
3054, 3500
3055, 3497
3056, 3506
3057, 3506
3058, 3502
3059, 3503
3060, 3505
3061, 3505
3062, 3497
3063, 3522
3064, 3507
3065, 3515
3066, 3514
3067, 3511
3068, 3513
3069, 3513
3070, 3524
3071, 3518
3072, 3528
3073, 3520
3074, 3519
3075, 3522
3076, 3528
3077, 3527
3078, 3527
3079, 3520
3080, 3548
3081, 3533
3082, 3537
3083, 3537
3084, 3533
3085, 3538
3086, 3545
3087, 3548
3088, 3541
3089, 3552
3090, 3544
3091, 3539
3092, 3544
3093, 3546
3094, 3538
3095, 3548
3096, 3558
3097, 3562
3098, 3553
3099, 3555
3100, 3556
3101, 3562
3102, 3558
3103, 3550
3104, 3554
3105, 3569
3106, 3559
3107, 3558
3108, 3569
3109, 3563
3110, 3557
3111, 3564
3112, 3564
3113, 3568
3114, 3574
3115, 3569
3116, 3564
3117, 3579
3118, 3575
3119, 3574
3120, 3568
3121, 3585
3122, 3563
3123, 3571
3124, 3590
3125, 3584
3126, 3595
3127, 3576
3128, 3584
3129, 3590
3130, 3591
3131, 3590
3132, 3591
3133, 3606
3134, 3594
3135, 3598
3136, 3597
3137, 3596
3138, 3593
3139, 3596
3140, 3604
3141, 3605
3142, 3593
3143, 3603
3144, 3601
3145, 3605
3146, 3609
3147, 3613
3148, 3609
3149, 3617
3150, 3620
3151, 3618
3152, 3608
3153, 3608
3154, 3607
3155, 3613
3156, 3610
3157, 3613
3158, 3615
3159, 3616
3160, 3623
3161, 3625
3162, 3626
3163, 3623
3164, 3635
3165, 3616
3166, 3619
3167, 3645
3168, 3636
3169, 3630
3170, 3636
3171, 3635
3172, 3636
3173, 3632
3174, 3643
3175, 3644
3176, 3630
3177, 3641
3178, 3643
3179, 3641
3180, 3644
3181, 3648
3182, 3646
3183, 3648
3184, 3647
3185, 3651
3186, 3656
3187, 3640
3188, 3651
3189, 3657
3190, 3651
3191, 3658
3192, 3660
3193, 3652
3194, 3649
3195, 3664
3196, 3657
3197, 3668
3198, 3671
3199, 3674
3200, 3666
3201, 3670
3202, 3672
3203, 3672
3204, 3674
3205, 3668
3206, 3668
3207, 3680
3208, 3681
3209, 3674
3210, 3688
3211, 3688
3212, 3674
3213, 3681
3214, 3692
3215, 3679
3216, 3694
3217, 3694
3218, 3693
3219, 3688
3220, 3684
3221, 3683
3222, 3692
3223, 3698
3224, 3697
3225, 3694
3226, 3695
3227, 3705
3228, 3695
3229, 3701
3230, 3700
3231, 3702
3232, 3705
3233, 3717
3234, 3707
3235, 3702
3236, 3709
3237, 3710
3238, 3713
3239, 3715
3240, 3707
3241, 3727
3242, 3724
3243, 3711
3244, 3720
3245, 3720
3246, 3708
3247, 3725
3248, 3730
3249, 3721
3250, 3724
3251, 3721
3252, 3735
3253, 3730
3254, 3736
3255, 3736
3256, 3728
3257, 3734
3258, 3732
3259, 3744
3260, 3736
3261, 3740
3262, 3743
3263, 3745
3264, 3751
3265, 3748
3266, 3751
3267, 3754
3268, 3746
3269, 3739
3270, 3736
3271, 3750
3272, 3754
3273, 3764
3274, 3757
3275, 3755
3276, 3751
3277, 3755
3278, 3756
3279, 3761
3280, 3756
3281, 3762
3282, 3772
3283, 3774
3284, 3752
3285, 3754
3286, 3769
3287, 3763
3288, 3780
3289, 3772
3290, 3771
3291, 3781
3292, 3778
3293, 3771
3294, 3778
3295, 3783
3296, 3779
3297, 3779
3298, 3782
3299, 3780
3300, 3781
3301, 3786
3302, 3785
3303, 3787
3304, 3784
3305, 3792
3306, 3793
3307, 3799
3308, 3797
3309, 3795
3310, 3799
3311, 3790
3312, 3794
3313, 3796
3314, 3807
3315, 3795
3316, 3807
3317, 3795
3318, 3790
3319, 3797
3320, 3815
3321, 3808
3322, 3809
3323, 3807
3324, 3813
3325, 3816
3326, 3820
3327, 3813
3328, 3816
3329, 3820
3330, 3813
3331, 3820
3332, 3817
3333, 3818
3334, 3828
3335, 3820
3336, 3823
3337, 3817
3338, 3826
3339, 3826
3340, 3827
3341, 3825
3342, 3841
3343, 3834
3344, 3830
3345, 3829
3346, 3836
3347, 3840
3348, 3841
3349, 3841
3350, 3846
3351, 3846
3352, 3844
3353, 3837
3354, 3831
3355, 3837
3356, 3855
3357, 3849
3358, 3840
3359, 3858
3360, 3858
3361, 3853
3362, 3851
3363, 3852
3364, 3854
3365, 3873
3366, 3856
3367, 3854
3368, 3862
3369, 3866
3370, 3871
3371, 3858
3372, 3864
3373, 3866
3374, 3873
3375, 3865
3376, 3883
3377, 3872
3378, 3880
3379, 3867
3380, 3866
3381, 3869
3382, 3880
3383, 3888
3384, 3880
3385, 3888
3386, 3883
3387, 3877
3388, 3889
3389, 3887
3390, 3889
3391, 3887
3392, 3895
3393, 3888
3394, 3896
3395, 3894
3396, 3887
3397, 3895
3398, 3903
3399, 3898
3400, 3905
3401, 3896
3402, 3899
3403, 3912
3404, 3898
3405, 3906
3406, 3909
3407, 3906
3408, 3896
3409, 3898
3410, 3902
3411, 3915
3412, 3907
3413, 3912
3414, 3911
3415, 3917
3416, 3913
3417, 3925
3418, 3931
3419, 3915
3420, 3913
3421, 3923
3422, 3913
3423, 3915
3424, 3932
3425, 3925
3426, 3927
3427, 3922
3428, 3932
3429, 3929
3430, 3930
3431, 3940
3432, 3934
3433, 3934
3434, 3934
3435, 3930
3436, 3934
3437, 3937
3438, 3932
3439, 3952
3440, 3948
3441, 3943
3442, 3947
3443, 3947
3444, 3950
3445, 3948
3446, 3946
3447, 3946
3448, 3950
3449, 3960
3450, 3959
3451, 3951
3452, 3959
3453, 3959
3454, 3961
3455, 3965
3456, 3963
3457, 3958
3458, 3965
3459, 3966
3460, 3965
3461, 3969
3462, 3969
3463, 3974
3464, 3973
3465, 3974
3466, 3966
3467, 3977
3468, 3957
3469, 3974
3470, 3983
3471, 3979
3472, 3987
3473, 3980
3474, 3992
3475, 3986
3476, 3980
3477, 3983
3478, 3989
3479, 3998
3480, 3996
3481, 3983
3482, 3996
3483, 3994
3484, 3984
3485, 3996
3486, 3997
3487, 4002
3488, 3989
3489, 3994
3490, 3999
3491, 4003
3492, 4014
3493, 3995
3494, 4011
3495, 4010
3496, 4016
3497, 4002
3498, 4003
3499, 4011
3500, 4006
3501, 4016
3502, 4013
3503, 4012
3504, 4021
3505, 4029
3506, 4010
3507, 4015
3508, 4023
3509, 4027
3510, 4027
3511, 4026
3512, 4034
3513, 4032
3514, 4027
3515, 4025
3516, 4025
3517, 4027
3518, 4041
3519, 4026
3520, 4044
3521, 4034
3522, 4034
3523, 4047
3524, 4034
3525, 4043
3526, 4046
3527, 4043
3528, 4048
3529, 4048
3530, 4037
3531, 4039
3532, 4054
3533, 4052
3534, 4057
3535, 4059
3536, 4065
3537, 4052
3538, 4058
3539, 4045
3540, 4065
3541, 4063
3542, 4061
3543, 4062
3544, 4056
3545, 4064
3546, 4064
3547, 4060
3548, 4065
3549, 4064
3550, 4071
3551, 4076
3552, 4075
3553, 4073
3554, 4061
3555, 4078
3556, 4078
3557, 4075
3558, 4081
3559, 4072
3560, 4085
3561, 4083
3562, 4098
3563, 4078
3564, 4080
3565, 4093
3566, 4100
3567, 4089
3568, 4087
3569, 4102
3570, 4094
3571, 4094
3572, 4088
3573, 4108
3574, 4088
3575, 4101
3576, 4098
3577, 4109
3578, 4105
3579, 4096
3580, 4110
3581, 4107
3582, 4109
3583, 4107
3584, 4112
3585, 4115
3586, 4107
3587, 4113
3588, 4119
3589, 4127
3590, 4117
3591, 4112
3592, 4113
3593, 4122
3594, 4117
3595, 4124
3596, 4121
3597, 4116
3598, 4132
3599, 4122
3600, 4139
3601, 4129
3602, 4128
3603, 4129
3604, 4127
3605, 4127
3606, 4128
3607, 4136
3608, 4143
3609, 4141
3610, 4132
3611, 4133
3612, 4133
3613, 4141
3614, 4141
3615, 4149
3616, 4152
3617, 4150
3618, 4161
3619, 4160
3620, 4143
3621, 4162
3622, 4154
3623, 4148
3624, 4164
3625, 4151
3626, 4161
3627, 4171
3628, 4160
3629, 4163
3630, 4163
3631, 4170
3632, 4167
3633, 4165
3634, 4157
3635, 4166
3636, 4163
3637, 4159
3638, 4180
3639, 4162
3640, 4179
3641, 4176
3642, 4184
3643, 4178
3644, 4177
3645, 4178
3646, 4176
3647, 4178
3648, 4174
3649, 4194
3650, 4178
3651, 4182
3652, 4185
3653, 4176
3654, 4184
3655, 4192
3656, 4197
3657, 4191
3658, 4192
3659, 4182
3660, 4204
3661, 4185
3662, 4193
3663, 4207
3664, 4204
3665, 4193
3666, 4206
3667, 4209
3668, 4200
3669, 4208
3670, 4215
3671, 4208
3672, 4219
3673, 4214
3674, 4212
3675, 4224
3676, 4212
3677, 4216
3678, 4221
3679, 4215
3680, 4220
3681, 4209
3682, 4223
3683, 4224
3684, 4227
3685, 4227
3686, 4226
3687, 4225
3688, 4230
3689, 4230
3690, 4233
3691, 4229
3692, 4242
3693, 4237
3694, 4238
3695, 4231
3696, 4244
3697, 4240
3698, 4239
3699, 4247
3700, 4249
3701, 4250
3702, 4240
3703, 4250
3704, 4247
3705, 4247
3706, 4251
3707, 4252
3708, 4255
3709, 4257
3710, 4256
3711, 4248
3712, 4272
3713, 4261
3714, 4265
3715, 4256
3716, 4270
3717, 4253
3718, 4263
3719, 4268
3720, 4259
3721, 4274
3722, 4270
3723, 4264
3724, 4269
3725, 4272
3726, 4287
3727, 4271
3728, 4275
3729, 4273
3730, 4284
3731, 4279
3732, 4274
3733, 4284
3734, 4267
3735, 4284
3736, 4284
3737, 4289
3738, 4285
3739, 4290
3740, 4282
3741, 4303
3742, 4285
3743, 4292
3744, 4289
3745, 4298
3746, 4292
3747, 4300
3748, 4298
3749, 4293
3750, 4290
3751, 4306
3752, 4309
3753, 4291
3754, 4304
3755, 4305
3756, 4299
3757, 4316
3758, 4304
3759, 4307
3760, 4312
3761, 4306
3762, 4304
3763, 4319
3764, 4304
3765, 4330
3766, 4309
3767, 4329
3768, 4322
3769, 4329
3770, 4332
3771, 4327
3772, 4320
3773, 4333
3774, 4332
3775, 4320
3776, 4337
3777, 4323
3778, 4333
3779, 4333
3780, 4346
3781, 4341
3782, 4323
3783, 4332
3784, 4344
3785, 4342
3786, 4341
3787, 4345
3788, 4351
3789, 4348
3790, 4349
3791, 4344
3792, 4345
3793, 4349
3794, 4352
3795, 4344
3796, 4360
3797, 4351
3798, 4359
3799, 4358
3800, 4367
3801, 4364
3802, 4353
3803, 4354
3804, 4362
3805, 4354
3806, 4374
3807, 4361
3808, 4365
3809, 4362
3810, 4363
3811, 4370
3812, 4372
3813, 4364
3814, 4373
3815, 4376
3816, 4373
3817, 4377
3818, 4373
3819, 4369
3820, 4374
3821, 4382
3822, 4377
3823, 4379
3824, 4393
3825, 4383
3826, 4398
3827, 4392
3828, 4398
3829, 4388
3830, 4388
3831, 4401
3832, 4379
3833, 4393
3834, 4406
3835, 4394
3836, 4386
3837, 4383
3838, 4402
3839, 4407
3840, 4401
3841, 4402
3842, 4415
3843, 4410
3844, 4406
3845, 4413
3846, 4412
3847, 4410
3848, 4408
3849, 4407
3850, 4415
3851, 4407
3852, 4420
3853, 4418
3854, 4415
3855, 4419
3856, 4426
3857, 4422
3858, 4414
3859, 4416
3860, 4432
3861, 4429
3862, 4428
3863, 4428
3864, 4415
3865, 4426
3866, 4436
3867, 4435
3868, 4427
3869, 4439
3870, 4442
3871, 4436
3872, 4444
3873, 4445
3874, 4442
3875, 4435
3876, 4454
3877, 4443
3878, 4442
3879, 4425
3880, 4441
3881, 4442
3882, 4457
3883, 4453
3884, 4457
3885, 4457
3886, 4461
3887, 4460
3888, 4453
3889, 4462
3890, 4462
3891, 4457
3892, 4455
3893, 4466
3894, 4456
3895, 4470
3896, 4457
3897, 4483
3898, 4468
3899, 4467
3900, 4465
3901, 4483
3902, 4476
3903, 4470
3904, 4473
3905, 4478
3906, 4469
3907, 4479
3908, 4459
3909, 4480
3910, 4480
3911, 4485
3912, 4491
3913, 4479
3914, 4476
3915, 4495
3916, 4496
3917, 4485
3918, 4493
3919, 4506
3920, 4505
3921, 4496
3922, 4490
3923, 4495
3924, 4501
3925, 4499
3926, 4492
3927, 4500
3928, 4494
3929, 4498
3930, 4503
3931, 4498
3932, 4497
3933, 4512
3934, 4509
3935, 4506
3936, 4507
3937, 4507
3938, 4513
3939, 4519
3940, 4510
3941, 4512
3942, 4527
3943, 4521
3944, 4516
3945, 4521
3946, 4538
3947, 4522
3948, 4524
3949, 4526
3950, 4534
3951, 4522
3952, 4532
3953, 4533
3954, 4537
3955, 4532
3956, 4533
3957, 4534
3958, 4529
3959, 4532
3960, 4549
3961, 4534
3962, 4545
3963, 4544
3964, 4539
3965, 4545
3966, 4554
3967, 4544
3968, 4548
3969, 4544
3970, 4548
3971, 4553
3972, 4554
3973, 4551
3974, 4552
3975, 4554
3976, 4560
3977, 4566
3978, 4574
3979, 4565
3980, 4557
3981, 4565
3982, 4562
3983, 4558
3984, 4571
3985, 4568
3986, 4558
3987, 4576
3988, 4566
3989, 4573
3990, 4576
3991, 4578
3992, 4571
3993, 4575
3994, 4584
3995, 4577
3996, 4583
3997, 4576
3998, 4581
3999, 4585
4000, 4582
4001, 4583
4002, 4584
4003, 4584
4004, 4594
4005, 4590
4006, 4591
4007, 4593
4008, 4593
4009, 4601
4010, 4587
4011, 4596
4012, 4597
4013, 4595
4014, 4585
4015, 4604
4016, 4615
4017, 4615
4018, 4613
4019, 4622
4020, 4595
4021, 4607
4022, 4613
4023, 4615
4024, 4615
4025, 4608
4026, 4622
4027, 4620
4028, 4604
4029, 4619
4030, 4625
4031, 4617
4032, 4629
4033, 4617
4034, 4623
4035, 4628
4036, 4619
4037, 4629
4038, 4624
4039, 4630
4040, 4626
4041, 4633
4042, 4639
4043, 4634
4044, 4632
4045, 4646
4046, 4639
4047, 4648
4048, 4637
4049, 4644
4050, 4635
4051, 4640
4052, 4658
4053, 4663
4054, 4645
4055, 4645
4056, 4661
4057, 4657
4058, 4652
4059, 4651
4060, 4654
4061, 4643
4062, 4660
4063, 4663
4064, 4674
4065, 4668
4066, 4662
4067, 4664
4068, 4664
4069, 4658
4070, 4663
4071, 4667
4072, 4664
4073, 4669
4074, 4667
4075, 4673
4076, 4675
4077, 4678
4078, 4681
4079, 4685
4080, 4678
4081, 4680
4082, 4692
4083, 4675
4084, 4681
4085, 4683
4086, 4671
4087, 4686
4088, 4683
4089, 4683
4090, 4690
4091, 4694
4092, 4678
4093, 4696
4094, 4686
4095, 4689
4096, 4693
4097, 4696
4098, 4712
4099, 4693
4100, 4704
4101, 4707
4102, 4693
4103, 4698
4104, 4695
4105, 4703
4106, 4714
4107, 4692
4108, 4704
4109, 4700
4110, 4714
4111, 4703
4112, 4703
4113, 4708
4114, 4716
4115, 4711
4116, 4716
4117, 4714
4118, 4723
4119, 4719
4120, 4717
4121, 4717
4122, 4717
4123, 4719
4124, 4728
4125, 4738
4126, 4728
4127, 4721
4128, 4731
4129, 4729
4130, 4732
4131, 4734
4132, 4747
4133, 4739
4134, 4740
4135, 4751
4136, 4748
4137, 4738
4138, 4746
4139, 4740
4140, 4746
4141, 4755
4142, 4746
4143, 4751
4144, 4755
4145, 4750
4146, 4744
4147, 4757
4148, 4757
4149, 4763
4150, 4761
4151, 4760
4152, 4762
4153, 4759
4154, 4760
4155, 4758
4156, 4767
4157, 4767
4158, 4758
4159, 4765
4160, 4766
4161, 4766
4162, 4771
4163, 4770
4164, 4784
4165, 4773
4166, 4761
4167, 4768
4168, 4785
4169, 4771
4170, 4778
4171, 4784
4172, 4794
4173, 4780
4174, 4784
4175, 4769
4176, 4789
4177, 4787
4178, 4803
4179, 4789
4180, 4790
4181, 4788
4182, 4791
4183, 4791
4184, 4787
4185, 4791
4186, 4808
4187, 4798
4188, 4794
4189, 4798
4190, 4813
4191, 4795
4192, 4817
4193, 4796
4194, 4812
4195, 4808
4196, 4814
4197, 4798
4198, 4816
4199, 4810
4200, 4819
4201, 4806
4202, 4821
4203, 4814
4204, 4819
4205, 4809
4206, 4817
4207, 4829
4208, 4813
4209, 4808
4210, 4832
4211, 4846
4212, 4834
4213, 4833
4214, 4823
4215, 4830
4216, 4837
4217, 4834
4218, 4834
4219, 4827
4220, 4844
4221, 4832
4222, 4837
4223, 4844
4224, 4846
4225, 4844
4226, 4845
4227, 4853
4228, 4843
4229, 4845
4230, 4848
4231, 4856
4232, 4857
4233, 4855
4234, 4860
4235, 4857
4236, 4859
4237, 4852
4238, 4859
4239, 4848
4240, 4864
4241, 4859
4242, 4862
4243, 4863
4244, 4866
4245, 4872
4246, 4876
4247, 4864
4248, 4868
4249, 4874
4250, 4875
4251, 4880
4252, 4870
4253, 4888
4254, 4875
4255, 4882
4256, 4877
4257, 4868
4258, 4877
4259, 4876
4260, 4882
4261, 4887
4262, 4885
4263, 4883
4264, 4900
4265, 4888
4266, 4891
4267, 4877
4268, 4876
4269, 4887
4270, 4895
4271, 4905
4272, 4898
4273, 4897
4274, 4897
4275, 4898
4276, 4896
4277, 4898
4278, 4903
4279, 4907
4280, 4919
4281, 4911
4282, 4901
4283, 4906
4284, 4916
4285, 4914
4286, 4913
4287, 4921
4288, 4923
4289, 4905
4290, 4913
4291, 4922
4292, 4918
4293, 4924
4294, 4932
4295, 4921
4296, 4921
4297, 4922
4298, 4921
4299, 4932
4300, 4941
4301, 4933
4302, 4930
4303, 4933
4304, 4933
4305, 4931
4306, 4948
4307, 4942
4308, 4943
4309, 4941
4310, 4942
4311, 4937
4312, 4952
4313, 4942
4314, 4959
4315, 4946
4316, 4946
4317, 4959
4318, 4945
4319, 4965
4320, 4946
4321, 4959
4322, 4954
4323, 4947
4324, 4955
4325, 4950
4326, 4954
4327, 4965
4328, 4961
4329, 4953
4330, 4951
4331, 4952
4332, 4973
4333, 4968
4334, 4964
4335, 4966
4336, 4967
4337, 4965
4338, 4966
4339, 4971
4340, 4969
4341, 4976
4342, 4977
4343, 4979
4344, 4982
4345, 4984
4346, 4981
4347, 4990
4348, 4975
4349, 4990
4350, 4989
4351, 4986
4352, 4982
4353, 4995
4354, 4991
4355, 5010
4356, 4995
4357, 4994
4358, 4997
4359, 4997
4360, 4995
4361, 4988
4362, 4993
4363, 5007
4364, 4989
4365, 4999
4366, 5001
4367, 5002
4368, 5017
4369, 5007
4370, 5011
4371, 5011
4372, 5013
4373, 5017
4374, 5009
4375, 5017
4376, 5018
4377, 5031
4378, 5010
4379, 5018
4380, 5016
4381, 5021
4382, 5028
4383, 5026
4384, 5020
4385, 5030
4386, 5018
4387, 5038
4388, 5031
4389, 5027
4390, 5035
4391, 5039
4392, 5031
4393, 5022
4394, 5035
4395, 5038
4396, 5040
4397, 5038
4398, 5042
4399, 5045
4400, 5051
4401, 5036
4402, 5047
4403, 5049
4404, 5048
4405, 5048
4406, 5057
4407, 5056
4408, 5053
4409, 5051
4410, 5053
4411, 5050
4412, 5055
4413, 5064
4414, 5066
4415, 5046
4416, 5072
4417, 5060
4418, 5076
4419, 5059
4420, 5077
4421, 5058
4422, 5066
4423, 5074
4424, 5069
4425, 5071
4426, 5069
4427, 5064
4428, 5073
4429, 5099
4430, 5083
4431, 5077
4432, 5081
4433, 5079
4434, 5076
4435, 5066
4436, 5086
4437, 5102
4438, 5084
4439, 5086
4440, 5081
4441, 5097
4442, 5091
4443, 5086
4444, 5090
4445, 5100
4446, 5091
4447, 5091
4448, 5098
4449, 5097
4450, 5103
4451, 5111
4452, 5113
4453, 5100
4454, 5113
4455, 5115
4456, 5111
4457, 5101
4458, 5114
4459, 5114
4460, 5120
4461, 5119
4462, 5127
4463, 5119
4464, 5120
4465, 5115
4466, 5121
4467, 5117
4468, 5109
4469, 5122
4470, 5124
4471, 5127
4472, 5127
4473, 5121
4474, 5129
4475, 5136
4476, 5129
4477, 5126
4478, 5129
4479, 5134
4480, 5141
4481, 5134
4482, 5148
4483, 5138
4484, 5135
4485, 5153
4486, 5137
4487, 5146
4488, 5152
4489, 5143
4490, 5153
4491, 5146
4492, 5155
4493, 5147
4494, 5157
4495, 5138
4496, 5148
4497, 5159
4498, 5161
4499, 5165
4500, 5148
4501, 5155
4502, 5155
4503, 5158
4504, 5168
4505, 5160
4506, 5166
4507, 5156
4508, 5170
4509, 5173
4510, 5172
4511, 5158
4512, 5169
4513, 5172
4514, 5170
4515, 5171
4516, 5181
4517, 5179
4518, 5186
4519, 5185
4520, 5189
4521, 5188
4522, 5189
4523, 5183
4524, 5190
4525, 5171
4526, 5187
4527, 5200
4528, 5199
4529, 5200
4530, 5187
4531, 5195
4532, 5195
4533, 5198
4534, 5201
4535, 5201
4536, 5190
4537, 5206
4538, 5199
4539, 5212
4540, 5222
4541, 5191
4542, 5200
4543, 5222
4544, 5208
4545, 5213
4546, 5205
4547, 5211
4548, 5210
4549, 5214
4550, 5231
4551, 5219
4552, 5213
4553, 5220
4554, 5228
4555, 5226
4556, 5225
4557, 5218
4558, 5214
4559, 5230
4560, 5232
4561, 5218
4562, 5232
4563, 5241
4564, 5230
4565, 5225
4566, 5222
4567, 5234
4568, 5232
4569, 5234
4570, 5246
4571, 5241
4572, 5237
4573, 5245
4574, 5248
4575, 5252
4576, 5254
4577, 5261
4578, 5237
4579, 5239
4580, 5256
4581, 5249
4582, 5268
4583, 5247
4584, 5253
4585, 5254
4586, 5259
4587, 5253
4588, 5266
4589, 5259
4590, 5264
4591, 5271
4592, 5258
4593, 5262
4594, 5255
4595, 5275
4596, 5260
4597, 5275
4598, 5268
4599, 5271
4600, 5262
4601, 5280
4602, 5260
4603, 5274
4604, 5282
4605, 5275
4606, 5267
4607, 5275
4608, 5286
4609, 5292
4610, 5278
4611, 5273
4612, 5286
4613, 5290
4614, 5291
4615, 5279
4616, 5304
4617, 5284
4618, 5295
4619, 5292
4620, 5297
4621, 5303
4622, 5297
4623, 5294
4624, 5302
4625, 5301
4626, 5291
4627, 5300
4628, 5301
4629, 5301
4630, 5308
4631, 5303
4632, 5316
4633, 5311
4634, 5315
4635, 5322
4636, 5320
4637, 5328
4638, 5317
4639, 5322
4640, 5320
4641, 5321
4642, 5325
4643, 5325
4644, 5320
4645, 5332
4646, 5327
4647, 5325
4648, 5339
4649, 5333
4650, 5321
4651, 5325
4652, 5328
4653, 5334
4654, 5328
4655, 5348
4656, 5337
4657, 5344
4658, 5340
4659, 5327
4660, 5337
4661, 5360
4662, 5344
4663, 5338
4664, 5340
4665, 5353
4666, 5343
4667, 5345
4668, 5356
4669, 5340
4670, 5339
4671, 5344
4672, 5360
4673, 5350
4674, 5355
4675, 5358
4676, 5365
4677, 5352
4678, 5364
4679, 5374
4680, 5367
4681, 5367
4682, 5370
4683, 5370
4684, 5363
4685, 5366
4686, 5363
4687, 5372
4688, 5369
4689, 5385
4690, 5384
4691, 5389
4692, 5374
4693, 5380
4694, 5383
4695, 5387
4696, 5387
4697, 5388
4698, 5384
4699, 5389
4700, 5378
4701, 5399
4702, 5398
4703, 5395
4704, 5388
4705, 5391
4706, 5400
4707, 5382
4708, 5394
4709, 5392
4710, 5399
4711, 5394
4712, 5396
4713, 5410
4714, 5398
4715, 5411
4716, 5407
4717, 5401
4718, 5406
4719, 5409
4720, 5405
4721, 5407
4722, 5425
4723, 5414
4724, 5425
4725, 5426
4726, 5418
4727, 5427
4728, 5420
4729, 5429
4730, 5429
4731, 5423
4732, 5426
4733, 5428
4734, 5434
4735, 5435
4736, 5431
4737, 5432
4738, 5434
4739, 5418
4740, 5427
4741, 5435
4742, 5436
4743, 5447
4744, 5452
4745, 5445
4746, 5452
4747, 5431
4748, 5449
4749, 5435
4750, 5444
4751, 5465
4752, 5444
4753, 5446
4754, 5450
4755, 5453
4756, 5453
4757, 5433
4758, 5460
4759, 5443
4760, 5448
4761, 5451
4762, 5466
4763, 5463
4764, 5462
4765, 5474
4766, 5477
4767, 5442
4768, 5464
4769, 5471
4770, 5465
4771, 5471
4772, 5481
4773, 5473
4774, 5465
4775, 5463
4776, 5472
4777, 5487
4778, 5486
4779, 5484
4780, 5475
4781, 5483
4782, 5484
4783, 5474
4784, 5487
4785, 5483
4786, 5492
4787, 5485
4788, 5485
4789, 5479
4790, 5499
4791, 5484
4792, 5485
4793, 5499
4794, 5490
4795, 5497
4796, 5502
4797, 5497
4798, 5514
4799, 5497
4800, 5500
4801, 5505
4802, 5504
4803, 5510
4804, 5511
4805, 5513
4806, 5503
4807, 5505
4808, 5506
4809, 5508
4810, 5520
4811, 5513
4812, 5519
4813, 5508
4814, 5520
4815, 5524
4816, 5521
4817, 5517
4818, 5524
4819, 5522
4820, 5530
4821, 5532
4822, 5517
4823, 5527
4824, 5530
4825, 5539
4826, 5530
4827, 5518
4828, 5530
4829, 5535
4830, 5532
4831, 5536
4832, 5540
4833, 5529
4834, 5527
4835, 5550
4836, 5539
4837, 5546
4838, 5548
4839, 5539
4840, 5542
4841, 5555
4842, 5554
4843, 5556
4844, 5557
4845, 5560
4846, 5554
4847, 5550
4848, 5562
4849, 5561
4850, 5566
4851, 5561
4852, 5566
4853, 5554
4854, 5566
4855, 5567
4856, 5554
4857, 5575
4858, 5567
4859, 5555
4860, 5572
4861, 5565
4862, 5583
4863, 5581
4864, 5569
4865, 5589
4866, 5578
4867, 5574
4868, 5586
4869, 5587
4870, 5582
4871, 5582
4872, 5577
4873, 5583
4874, 5579
4875, 5591
4876, 5596
4877, 5589
4878, 5587
4879, 5594
4880, 5589
4881, 5599
4882, 5595
4883, 5600
4884, 5597
4885, 5607
4886, 5599
4887, 5604
4888, 5608
4889, 5612
4890, 5590
4891, 5617
4892, 5598
4893, 5610
4894, 5605
4895, 5597
4896, 5610
4897, 5606
4898, 5614
4899, 5608
4900, 5621
4901, 5621
4902, 5620
4903, 5619
4904, 5615
4905, 5626
4906, 5623
4907, 5621
4908, 5619
4909, 5638
4910, 5634
4911, 5629
4912, 5652
4913, 5626
4914, 5637
4915, 5635
4916, 5630
4917, 5638
4918, 5637
4919, 5643
4920, 5625
4921, 5633
4922, 5632
4923, 5630
4924, 5642
4925, 5647
4926, 5648
4927, 5644
4928, 5644
4929, 5655
4930, 5654
4931, 5658
4932, 5655
4933, 5663
4934, 5659
4935, 5645
4936, 5658
4937, 5668
4938, 5656
4939, 5660
4940, 5658
4941, 5666
4942, 5665
4943, 5671
4944, 5669
4945, 5673
4946, 5674
4947, 5677
4948, 5676
4949, 5673
4950, 5673
4951, 5686
4952, 5686
4953, 5676
4954, 5682
4955, 5689
4956, 5687
4957, 5686
4958, 5690
4959, 5680
4960, 5679
4961, 5686
4962, 5682
4963, 5678
4964, 5687
4965, 5693
4966, 5695
4967, 5690
4968, 5698
4969, 5691
4970, 5690
4971, 5699
4972, 5694
4973, 5709
4974, 5710
4975, 5692
4976, 5707
4977, 5706
4978, 5708
4979, 5706
4980, 5703
4981, 5707
4982, 5717
4983, 5717
4984, 5711
4985, 5715
4986, 5714
4987, 5728
4988, 5707
4989, 5714
4990, 5728
4991, 5726
4992, 5723
4993, 5720
4994, 5719
4995, 5742
4996, 5726
4997, 5729
4998, 5729
4999, 5728
